Accessoire,Cloud,Cours,Laptop,Livre,Logiciel,TOTAL
50526.71,154973.15,203189.21,1410706.64,40702.46,163560.27,2023658.44
16269.23,49248.88,77883.94,564245.09,13493.369999999999,52649.340000000004,773789.85
18279.27,56899.34,69387.16,507813.5,15235.28,58983.62,726598.17
8542.39,23821.75,35781.159999999996,193132.45,7845.7699999999995,31424.59,300548.11
7435.82,25003.18,20136.95,145515.6,4128.04,20502.72,222722.31
